{
  "transition_counts": {
    "color_map": {
      "translate": 5,
      "color_map": 2
    },
    "fill_background": {},
    "parametric_color_shift": {},
    "translate": {
      "color_map": 3
    },
    "remove_objects_by_size": {},
    "parametric_object_replicate": {
      "symmetry_complete": 1
    },
    "crop": {},
    "extend_to_boundary": {},
    "rotate_90": {},
    "flip_horizontal": {},
    "flip_vertical": {},
    "pad": {},
    "copy_object": {},
    "gravity": {},
    "remove_noise": {},
    "trim_background": {},
    "invert_colors": {},
    "detect_enclosed": {},
    "compress": {},
    "fill_holes": {},
    "outline": {}
  },
  "total_from": {
    "translate": 3,
    "color_map": 7,
    "parametric_object_replicate": 1
  },
  "success_history": [
    [
      [
        0.16666666666666666,
        0.16666666666666666,
        0.2,
        0.1,
        0.14222222222222222,
        0.10619259259259257
      ],
      [
        "translate",
        "color_map"
      ]
    ],
    [
      [
        0.16666666666666666,
        0.16666666666666666,
        0.2,
        0.1,
        0.14222222222222222,
        0.10619259259259257
      ],
      [
        "color_map",
        "translate"
      ]
    ],
    [
      [
        0.16666666666666666,
        0.16666666666666666,
        0.2,
        0.1,
        0.14222222222222222,
        0.10619259259259257
      ],
      [
        "color_map",
        "color_map",
        "translate"
      ]
    ],
    [
      [
        0.16666666666666666,
        0.16666666666666666,
        0.2,
        0.1,
        0.14222222222222222,
        0.10619259259259257
      ],
      [
        "color_map",
        "translate"
      ]
    ],
    [
      [
        0.16666666666666666,
        0.16666666666666666,
        0.2,
        0.1,
        0.14222222222222222,
        0.10619259259259257
      ],
      [
        "translate",
        "color_map"
      ]
    ],
    [
      [
        0.16666666666666666,
        0.16666666666666666,
        0.2,
        0.1,
        0.14222222222222222,
        0.10619259259259257
      ],
      [
        "color_map",
        "translate"
      ]
    ],
    [
      [
        0.16666666666666666,
        0.16666666666666666,
        0.2,
        0.1,
        0.14222222222222222,
        0.10619259259259257
      ],
      [
        "translate",
        "color_map"
      ]
    ],
    [
      [
        0.16666666666666666,
        0.16666666666666666,
        0.2,
        0.1,
        0.14222222222222222,
        0.10619259259259257
      ],
      [
        "color_map",
        "color_map",
        "translate"
      ]
    ],
    [
      [
        0.26666666666666666,
        0.26666666666666666,
        0.2,
        0.2,
        0.059027777777777776,
        0.009633005401234566
      ],
      [
        "detect_enclosed"
      ]
    ],
    [
      [
        0.1,
        0.1,
        0.2,
        0.1,
        0.037037037037037035,
        0.0027434842249657062
      ],
      [
        "translate"
      ]
    ],
    [
      [
        0.1,
        0.2,
        0.3,
        0.1,
        0.5864197530864197,
        0.11495960981557689
      ],
      [
        "color_map"
      ]
    ],
    [
      [
        0.1,
        0.1,
        0.2,
        0.1,
        0.7777777777777778,
        0.1728395061728395
      ],
      [
        "rotate_270"
      ]
    ],
    [
      [
        0.3333333333333333,
        0.1,
        0.3,
        0.1,
        0.07777777777777778,
        0.014938271604938269
      ],
      [
        "symmetry_complete"
      ]
    ],
    [
      [
        0.3333333333333333,
        0.1,
        0.3,
        0.1,
        0.07777777777777778,
        0.014938271604938269
      ],
      [
        "parametric_object_replicate",
        "symmetry_complete"
      ]
    ],
    [
      [
        0.1,
        0.13333333333333333,
        0.2,
        0.1,
        0.7222222222222222,
        0.0030864197530864226
      ],
      [
        "color_map"
      ]
    ]
  ]
}