{
  "transition_counts": {
    "color_map": {
      "translate": 5,
      "color_map": 2
    },
    "fill_background": {},
    "parametric_color_shift": {},
    "translate": {
      "color_map": 3
    },
    "remove_objects_by_size": {},
    "parametric_object_replicate": {},
    "crop": {},
    "extend_to_boundary": {},
    "rotate_90": {},
    "flip_horizontal": {},
    "flip_vertical": {},
    "pad": {},
    "copy_object": {},
    "gravity": {},
    "remove_noise": {},
    "trim_background": {},
    "invert_colors": {},
    "detect_enclosed": {},
    "compress": {},
    "fill_holes": {},
    "outline": {}
  },
  "total_from": {
    "translate": 3,
    "color_map": 7
  },
  "success_history": [
    [
      [
        0.16666666666666666,
        0.16666666666666666,
        0.2,
        0.1,
        0.14222222222222222,
        0.10619259259259257
      ],
      [
        "translate",
        "color_map"
      ]
    ],
    [
      [
        0.16666666666666666,
        0.16666666666666666,
        0.2,
        0.1,
        0.14222222222222222,
        0.10619259259259257
      ],
      [
        "color_map",
        "translate"
      ]
    ],
    [
      [
        0.16666666666666666,
        0.16666666666666666,
        0.2,
        0.1,
        0.14222222222222222,
        0.10619259259259257
      ],
      [
        "color_map",
        "color_map",
        "translate"
      ]
    ],
    [
      [
        0.16666666666666666,
        0.16666666666666666,
        0.2,
        0.1,
        0.14222222222222222,
        0.10619259259259257
      ],
      [
        "color_map",
        "translate"
      ]
    ],
    [
      [
        0.16666666666666666,
        0.16666666666666666,
        0.2,
        0.1,
        0.14222222222222222,
        0.10619259259259257
      ],
      [
        "translate",
        "color_map"
      ]
    ],
    [
      [
        0.16666666666666666,
        0.16666666666666666,
        0.2,
        0.1,
        0.14222222222222222,
        0.10619259259259257
      ],
      [
        "color_map",
        "translate"
      ]
    ],
    [
      [
        0.16666666666666666,
        0.16666666666666666,
        0.2,
        0.1,
        0.14222222222222222,
        0.10619259259259257
      ],
      [
        "translate",
        "color_map"
      ]
    ],
    [
      [
        0.16666666666666666,
        0.16666666666666666,
        0.2,
        0.1,
        0.14222222222222222,
        0.10619259259259257
      ],
      [
        "color_map",
        "color_map",
        "translate"
      ]
    ]
  ]
}